UNDERLYING                          ,SYMBOL    ,DEC-22     ,JAN-23     ,FEB-23     ,MAR-23     ,JUN-23     ,SEP-23     ,DEC-23     ,JUN-24     ,DEC-24     ,JUN-25     ,DEC-25     ,JUN-26     ,DEC-26     ,JUN-27     
NIFTY FINANCIAL SERVICES            ,FINNIFTY  ,40         ,40         ,40         ,           ,           ,           ,           ,           ,           ,           ,           ,           ,           ,           
NIFTY MID SELECT                    ,MIDCPNIFTY,75         ,75         ,75         ,           ,           ,           ,           ,           ,           ,           ,           ,           ,           ,           
NIFTY 50                            ,NIFTY     ,50         ,50         ,50         ,50         ,50         ,50         ,50         ,50         ,50         ,50         ,50         ,50         ,50         ,50         
NIFTY BANK                          ,BANKNIFTY ,25         ,25         ,25         ,25         ,25         ,25         ,           ,           ,           ,           ,           ,           ,           ,           
Derivatives on Individual Securities,Symbol    ,DEC-22     ,JAN-23     ,FEB-23     ,           ,           ,           ,           ,           ,           ,           ,           ,           ,           ,           
ACC LIMITED                         ,ACC       ,250        ,250        ,250        ,           ,           ,           ,           ,           ,           ,           ,           ,           ,           ,           
ADITYA BIRLA CAPITAL LTD.           ,ABCAPITAL ,5400       ,5400       ,5400       ,           ,           ,           ,           ,           ,           ,           ,           ,           ,           ,           
ABB INDIA LIMITED                   ,ABB       ,250        ,250        ,250        ,           ,           ,           ,           ,           ,           ,           ,           ,           ,           ,           
ALKEM LABORATORIES LTD.             ,ALKEM     ,200        ,200        ,200        ,           ,           ,           ,           ,           ,           ,           ,           ,           ,           ,           
AMBUJA CEMENTS LTD                  ,AMBUJACEM ,1800       ,1800       ,1800       ,           ,           ,           ,           ,           ,           ,           ,           ,           ,           ,           
AARTI INDUSTRIES LTD                ,AARTIIND  ,850        ,850        ,850        ,           ,           ,           ,           ,           ,           ,           ,           ,           ,           ,           
APOLLO HOSPITALS ENTER. L           ,APOLLOHOSP,125        ,125        ,125        ,           ,           ,           ,           ,           ,           ,           ,           ,           ,           ,           
ADITYA BIRLA FASHION & RT           ,ABFRL     ,2600       ,2600       ,2600       ,           ,           ,           ,           ,           ,           ,           ,           ,           ,           ,           
ASHOK LEYLAND LTD                   ,ASHOKLEY  ,5000       ,5000       ,5000       ,           ,           ,           ,           ,           ,           ,           ,           ,           ,           ,           
BALKRISHNA IND. LTD                 ,BALKRISIND,300        ,300        ,300        ,           ,           ,           ,           ,           ,           ,           ,           ,           ,           ,           
BALRAMPUR CHINI MILLS LTD           ,BALRAMCHIN,1600       ,1600       ,1600       ,           ,           ,           ,           ,           ,           ,           ,           ,           ,           ,           
BHEL                                ,BHEL      ,10500      ,10500      ,10500      ,           ,           ,           ,           ,           ,           ,           ,           ,           ,           ,           
AMARA RAJA BATTERIES LTD.           ,AMARAJABAT,1000       ,           ,           ,           ,           ,           ,           ,           ,           ,           ,           ,           ,           ,           
BHARAT ELECTRONICS LTD              ,BEL       ,5700       ,5700       ,5700       ,           ,           ,           ,           ,           ,           ,           ,           ,           ,           ,           
BHARAT PETROLEUM CORP  LT           ,BPCL      ,1800       ,1800       ,1800       ,           ,           ,           ,           ,           ,           ,           ,           ,           ,           ,           
BHARAT FORGE LTD                    ,BHARATFORG,1000       ,1000       ,1000       ,           ,           ,           ,           ,           ,           ,           ,           ,           ,           ,           
BIRLASOFT LIMITED                   ,BSOFT     ,1300       ,2000       ,2000       ,           ,           ,           ,           ,           ,           ,           ,           ,           ,           ,           
COAL INDIA LTD                      ,COALINDIA ,4200       ,4200       ,4200       ,           ,           ,           ,           ,           ,           ,           ,           ,           ,           ,           
BERGER PAINTS (I) LTD               ,BERGEPAINT,1100       ,1100       ,1100       ,           ,           ,           ,           ,           ,           ,           ,           ,           ,           ,           
APOLLO TYRES LTD                    ,APOLLOTYRE,3500       ,3500       ,3500       ,           ,           ,           ,           ,           ,           ,           ,           ,           ,           ,           
ASIAN PAINTS LIMITED                ,ASIANPAINT,200        ,200        ,200        ,           ,           ,           ,           ,           ,           ,           ,           ,           ,           ,           
ESCORTS KUBOTA LIMITED              ,ESCORTS   ,275        ,275        ,275        ,           ,           ,           ,           ,           ,           ,           ,           ,           ,           ,           
CROMPT GREA CON ELEC LTD            ,CROMPTON  ,1500       ,1500       ,1500       ,           ,           ,           ,           ,           ,           ,           ,           ,           ,           ,           
ASTRAL LIMITED                      ,ASTRAL    ,275        ,275        ,275        ,           ,           ,           ,           ,           ,           ,           ,           ,           ,           ,           
ATUL LTD                            ,ATUL      ,75         ,75         ,75         ,           ,           ,           ,           ,           ,           ,           ,           ,           ,           ,           
AU SMALL FINANCE BANK LTD           ,AUBANK    ,1000       ,1000       ,1000       ,           ,           ,           ,           ,           ,           ,           ,           ,           ,           ,           
AXIS BANK LIMITED                   ,AXISBANK  ,1200       ,1200       ,1200       ,           ,           ,           ,           ,           ,           ,           ,           ,           ,           ,           
BAJAJ AUTO LIMITED                  ,BAJAJ-AUTO,250        ,250        ,250        ,           ,           ,           ,           ,           ,           ,           ,           ,           ,           ,           
CUMMINS INDIA LTD                   ,CUMMINSIND,600        ,600        ,600        ,           ,           ,           ,           ,           ,           ,           ,           ,           ,           ,           
BAJAJ FINSERV LTD.                  ,BAJAJFINSV,500        ,500        ,500        ,           ,           ,           ,           ,           ,           ,           ,           ,           ,           ,           
GAIL (INDIA) LTD                    ,GAIL      ,9150       ,9150       ,9150       ,           ,           ,           ,           ,           ,           ,           ,           ,           ,           ,           
GMR AIRPORTS INFRA LTD              ,GMRINFRA  ,22500      ,22500      ,22500      ,           ,           ,           ,           ,           ,           ,           ,           ,           ,           ,           
BAJAJ FINANCE LIMITED               ,BAJFINANCE,125        ,125        ,125        ,           ,           ,           ,           ,           ,           ,           ,           ,           ,           ,           
EICHER MOTORS LTD                   ,EICHERMOT ,175        ,175        ,175        ,           ,           ,           ,           ,           ,           ,           ,           ,           ,           ,           
HDFC AMC LIMITED                    ,HDFCAMC   ,300        ,300        ,300        ,           ,           ,           ,           ,           ,           ,           ,           ,           ,           ,           
BANDHAN BANK LIMITED                ,BANDHANBNK,1800       ,1800       ,1800       ,           ,           ,           ,           ,           ,           ,           ,           ,           ,           ,           
HDFC LIFE INS CO LTD                ,HDFCLIFE  ,1100       ,1100       ,1100       ,           ,           ,           ,           ,           ,           ,           ,           ,           ,           ,           
BANK OF BARODA                      ,BANKBARODA,5850       ,5850       ,5850       ,           ,           ,           ,           ,           ,           ,           ,           ,           ,           ,           
BATA INDIA LTD                      ,BATAINDIA ,275        ,275        ,275        ,           ,           ,           ,           ,           ,           ,           ,           ,           ,           ,           
FIRSTSOURCE SOLU. LTD.              ,FSL       ,5200       ,5200       ,5200       ,           ,           ,           ,           ,           ,           ,           ,           ,           ,           ,           
HINDUSTAN PETROLEUM CORP            ,HINDPETRO ,2700       ,2700       ,2700       ,           ,           ,           ,           ,           ,           ,           ,           ,           ,           ,           
INDIABULLS HSG FIN LTD              ,IBULHSGFIN,4000       ,4000       ,4000       ,           ,           ,           ,           ,           ,           ,           ,           ,           ,           ,           
BHARTI AIRTEL LIMITED               ,BHARTIARTL,950        ,950        ,950        ,           ,           ,           ,           ,           ,           ,           ,           ,           ,           ,           
ICICI PRU LIFE INS CO LTD           ,ICICIPRULI,1500       ,1500       ,1500       ,           ,           ,           ,           ,           ,           ,           ,           ,           ,           ,           
INDIAN ENERGY EXC LTD               ,IEX       ,3750       ,3750       ,3750       ,           ,           ,           ,           ,           ,           ,           ,           ,           ,           ,           
INFOSYS LIMITED                     ,INFY      ,300        ,400        ,400        ,           ,           ,           ,           ,           ,           ,           ,           ,           ,           ,           
BIOCON LIMITED.                     ,BIOCON    ,2300       ,2300       ,2300       ,           ,           ,           ,           ,           ,           ,           ,           ,           ,           ,           
CANARA BANK                         ,CANBK     ,2700       ,2700       ,2700       ,           ,           ,           ,           ,           ,           ,           ,           ,           ,           ,           
CAN FIN HOMES LTD                   ,CANFINHOME,975        ,975        ,975        ,           ,           ,           ,           ,           ,           ,           ,           ,           ,           ,           
CHAMBAL FERTILIZERS LTD             ,CHAMBLFERT,1500       ,1500       ,1500       ,           ,           ,           ,           ,           ,           ,           ,           ,           ,           ,           
CIPLA LTD                           ,CIPLA     ,650        ,650        ,650        ,           ,           ,           ,           ,           ,           ,           ,           ,           ,           ,           
INDIAN OIL CORP LTD                 ,IOC       ,9750       ,9750       ,9750       ,           ,           ,           ,           ,           ,           ,           ,           ,           ,           ,           
COLGATE PALMOLIVE LTD.              ,COLPAL    ,350        ,350        ,350        ,           ,           ,           ,           ,           ,           ,           ,           ,           ,           ,           
CONTAINER CORP OF IND LTD           ,CONCOR    ,1000       ,1000       ,1000       ,           ,           ,           ,           ,           ,           ,           ,           ,           ,           ,           
COROMANDEL INTERNTL. LTD            ,COROMANDEL,700        ,700        ,700        ,           ,           ,           ,           ,           ,           ,           ,           ,           ,           ,           
LAURUS LABS LIMITED                 ,LAURUSLABS,900        ,1100       ,1100       ,           ,           ,           ,           ,           ,           ,           ,           ,           ,           ,           
JK CEMENT LIMITED                   ,JKCEMENT  ,250        ,250        ,250        ,           ,           ,           ,           ,           ,           ,           ,           ,           ,           ,           
LARSEN & TOUBRO LTD.                ,LT        ,300        ,300        ,300        ,           ,           ,           ,           ,           ,           ,           ,           ,           ,           ,           
CITY UNION BANK LTD                 ,CUB       ,5000       ,5000       ,5000       ,           ,           ,           ,           ,           ,           ,           ,           ,           ,           ,           
L&T TECHNOLOGY SER. LTD.            ,LTTS      ,200        ,200        ,200        ,           ,           ,           ,           ,           ,           ,           ,           ,           ,           ,           
L&T FINANCE HOLDINGS LTD            ,L&TFH     ,8924       ,8924       ,8924       ,           ,           ,           ,           ,           ,           ,           ,           ,           ,           ,           
MAHINDRA & MAHINDRA LTD             ,M&M       ,700        ,700        ,700        ,           ,           ,           ,           ,           ,           ,           ,           ,           ,           ,           
DALMIA BHARAT LIMITED               ,DALBHARAT ,500        ,500        ,500        ,           ,           ,           ,           ,           ,           ,           ,           ,           ,           ,           
MARUTI SUZUKI INDIA LTD.            ,MARUTI    ,100        ,100        ,100        ,           ,           ,           ,           ,           ,           ,           ,           ,           ,           ,           
DEEPAK NITRITE LTD                  ,DEEPAKNTR ,250        ,250        ,250        ,           ,           ,           ,           ,           ,           ,           ,           ,           ,           ,           
DELTA CORP LIMITED                  ,DELTACORP ,2300       ,2800       ,2800       ,           ,           ,           ,           ,           ,           ,           ,           ,           ,           ,           
MULTI COMMODITY EXCHANGE            ,MCX       ,400        ,400        ,400        ,           ,           ,           ,           ,           ,           ,           ,           ,           ,           ,           
DIXON TECHNO (INDIA) LTD            ,DIXON     ,125        ,125        ,125        ,           ,           ,           ,           ,           ,           ,           ,           ,           ,           ,           
DLF LIMITED                         ,DLF       ,1650       ,1650       ,1650       ,           ,           ,           ,           ,           ,           ,           ,           ,           ,           ,           
EXIDE INDUSTRIES LTD                ,EXIDEIND  ,3600       ,3600       ,3600       ,           ,           ,           ,           ,           ,           ,           ,           ,           ,           ,           
FEDERAL BANK LTD                    ,FEDERALBNK,5000       ,5000       ,5000       ,           ,           ,           ,           ,           ,           ,           ,           ,           ,           ,           
PERSISTENT SYSTEMS LTD              ,PERSISTENT,150        ,175        ,175        ,           ,           ,           ,           ,           ,           ,           ,           ,           ,           ,           
MRF LTD                             ,MRF       ,10         ,10         ,10         ,           ,           ,           ,           ,           ,           ,           ,           ,           ,           ,           
GLENMARK PHARMACEUTICALS            ,GLENMARK  ,1150       ,1450       ,1450       ,           ,           ,           ,           ,           ,           ,           ,           ,           ,           ,           
GUJ NAR VAL FER & CHEM L            ,GNFC      ,1300       ,1300       ,1300       ,           ,           ,           ,           ,           ,           ,           ,           ,           ,           ,           
PETRONET LNG LIMITED                ,PETRONET  ,3000       ,3000       ,3000       ,           ,           ,           ,           ,           ,           ,           ,           ,           ,           ,           
GODREJ CONSUMER PRODUCTS            ,GODREJCP  ,1000       ,1000       ,1000       ,           ,           ,           ,           ,           ,           ,           ,           ,           ,           ,           
GODREJ PROPERTIES LTD               ,GODREJPROP,325        ,425        ,425        ,           ,           ,           ,           ,           ,           ,           ,           ,           ,           ,           
POWER FIN CORP LTD.                 ,PFC       ,6200       ,6200       ,6200       ,           ,           ,           ,           ,           ,           ,           ,           ,           ,           ,           
NMDC LTD.                           ,NMDC      ,3350       ,4500       ,4500       ,           ,           ,           ,           ,           ,           ,           ,           ,           ,           ,           
GRANULES INDIA LIMITED              ,GRANULES  ,2000       ,2000       ,2000       ,           ,           ,           ,           ,           ,           ,           ,           ,           ,           ,           
NTPC LTD                            ,NTPC      ,5700       ,5700       ,5700       ,           ,           ,           ,           ,           ,           ,           ,           ,           ,           ,           
GRASIM INDUSTRIES LTD               ,GRASIM    ,475        ,475        ,475        ,           ,           ,           ,           ,           ,           ,           ,           ,           ,           ,           
GUJARAT GAS LIMITED                 ,GUJGASLTD ,1250       ,1250       ,1250       ,           ,           ,           ,           ,           ,           ,           ,           ,           ,           ,           
HINDUSTAN AERONAUTICS LTD           ,HAL       ,475        ,300        ,300        ,           ,           ,           ,           ,           ,           ,           ,           ,           ,           ,           
HCL TECHNOLOGIES LTD                ,HCLTECH   ,700        ,700        ,700        ,           ,           ,           ,           ,           ,           ,           ,           ,           ,           ,           
HDFC LTD                            ,HDFC      ,300        ,300        ,300        ,           ,           ,           ,           ,           ,           ,           ,           ,           ,           ,           
HDFC BANK LTD                       ,HDFCBANK  ,550        ,550        ,550        ,           ,           ,           ,           ,           ,           ,           ,           ,           ,           ,           
HINDALCO  INDUSTRIES  LTD           ,HINDALCO  ,1075       ,1400       ,1400       ,           ,           ,           ,           ,           ,           ,           ,           ,           ,           ,           
AUROBINDO PHARMA LTD                ,AUROPHARMA,1000       ,1000       ,1000       ,           ,           ,           ,           ,           ,           ,           ,           ,           ,           ,           
HINDUSTAN COPPER LTD                ,HINDCOPPER,4300       ,4800       ,4800       ,           ,           ,           ,           ,           ,           ,           ,           ,           ,           ,           
PAGE INDUSTRIES LTD                 ,PAGEIND   ,15         ,15         ,15         ,           ,           ,           ,           ,           ,           ,           ,           ,           ,           ,           
PUNJAB NATIONAL BANK                ,PNB       ,16000      ,16000      ,16000      ,           ,           ,           ,           ,           ,           ,           ,           ,           ,           ,           
HONEYWELL AUTOMATION IND            ,HONAUT    ,15         ,15         ,15         ,           ,           ,           ,           ,           ,           ,           ,           ,           ,           ,           
ABBOTT INDIA LIMITED                ,ABBOTINDIA,40         ,40         ,40         ,           ,           ,           ,           ,           ,           ,           ,           ,           ,           ,           
PVR LIMITED                         ,PVR       ,407        ,407        ,407        ,           ,           ,           ,           ,           ,           ,           ,           ,           ,           ,           
ICICI BANK LTD.                     ,ICICIBANK ,1375       ,700        ,700        ,           ,           ,           ,           ,           ,           ,           ,           ,           ,           ,           
RBL BANK LIMITED                    ,RBLBANK   ,5000       ,5000       ,5000       ,           ,           ,           ,           ,           ,           ,           ,           ,           ,           ,           
IDFC LIMITED                        ,IDFC      ,10000      ,10000      ,10000      ,           ,           ,           ,           ,           ,           ,           ,           ,           ,           ,           
REC LIMITED                         ,RECLTD    ,8000       ,8000       ,8000       ,           ,           ,           ,           ,           ,           ,           ,           ,           ,           ,           
IDFC FIRST BANK LIMITED             ,IDFCFIRSTB,15000      ,15000      ,15000      ,           ,           ,           ,           ,           ,           ,           ,           ,           ,           ,           
INDRAPRASTHA GAS LTD                ,IGL       ,1375       ,1375       ,1375       ,           ,           ,           ,           ,           ,           ,           ,           ,           ,           ,           
POWER GRID CORP. LTD.               ,POWERGRID ,2700       ,2700       ,2700       ,           ,           ,           ,           ,           ,           ,           ,           ,           ,           ,           
THE INDIAN HOTELS CO. LTD           ,INDHOTEL  ,4022       ,2000       ,2000       ,           ,           ,           ,           ,           ,           ,           ,           ,           ,           ,           
RELIANCE INDUSTRIES LTD             ,RELIANCE  ,250        ,250        ,250        ,           ,           ,           ,           ,           ,           ,           ,           ,           ,           ,           
THE INDIA CEMENTS LIMITED           ,INDIACEM  ,2900       ,2900       ,2900       ,           ,           ,           ,           ,           ,           ,           ,           ,           ,           ,           
TORRENT POWER LTD                   ,TORNTPOWER,1500       ,1500       ,1500       ,           ,           ,           ,           ,           ,           ,           ,           ,           ,           ,           
INDIAMART INTERMESH LTD             ,INDIAMART ,150        ,150        ,150        ,           ,           ,           ,           ,           ,           ,           ,           ,           ,           ,           
INTERGLOBE AVIATION LTD             ,INDIGO    ,300        ,300        ,300        ,           ,           ,           ,           ,           ,           ,           ,           ,           ,           ,           
UPL LIMITED                         ,UPL       ,1300       ,1300       ,1300       ,           ,           ,           ,           ,           ,           ,           ,           ,           ,           ,           
SBI CARDS & PAY SER LTD             ,SBICARD   ,800        ,800        ,800        ,           ,           ,           ,           ,           ,           ,           ,           ,           ,           ,           
INDUSIND BANK LIMITED               ,INDUSINDBK,450        ,450        ,450        ,           ,           ,           ,           ,           ,           ,           ,           ,           ,           ,           
INDUS TOWERS LIMITED                ,INDUSTOWER,2800       ,2800       ,2800       ,           ,           ,           ,           ,           ,           ,           ,           ,           ,           ,           
INTELLECT DESIGN ARENA              ,INTELLECT ,750        ,1000       ,1000       ,           ,           ,           ,           ,           ,           ,           ,           ,           ,           ,           
IPCA LABORATORIES LTD               ,IPCALAB   ,650        ,650        ,650        ,           ,           ,           ,           ,           ,           ,           ,           ,           ,           ,           
JINDAL STEEL & POWER LTD            ,JINDALSTEL,1250       ,1250       ,1250       ,           ,           ,           ,           ,           ,           ,           ,           ,           ,           ,           
SHRIRAM TRANSPORT FIN CO.           ,SRTRANSFIN,600        ,600        ,600        ,           ,           ,           ,           ,           ,           ,           ,           ,           ,           ,           
JSW STEEL LIMITED                   ,JSWSTEEL  ,1350       ,1350       ,1350       ,           ,           ,           ,           ,           ,           ,           ,           ,           ,           ,           
JUBILANT FOODWORKS LTD              ,JUBLFOOD  ,1250       ,1250       ,1250       ,           ,           ,           ,           ,           ,           ,           ,           ,           ,           ,           
SYNGENE INTERNATIONAL LTD           ,SYNGENE   ,1000       ,1000       ,1000       ,           ,           ,           ,           ,           ,           ,           ,           ,           ,           ,           
KOTAK MAHINDRA BANK LTD             ,KOTAKBANK ,400        ,400        ,400        ,           ,           ,           ,           ,           ,           ,           ,           ,           ,           ,           
DR. LAL PATH LABS LTD.              ,LALPATHLAB,250        ,250        ,250        ,           ,           ,           ,           ,           ,           ,           ,           ,           ,           ,           
LIC HOUSING FINANCE LTD             ,LICHSGFIN ,2000       ,2000       ,2000       ,           ,           ,           ,           ,           ,           ,           ,           ,           ,           ,           
LTIMINDTREE LIMITED                 ,LTIM      ,150        ,150        ,150        ,           ,           ,           ,           ,           ,           ,           ,           ,           ,           ,           
LUPIN LIMITED                       ,LUPIN     ,850        ,850        ,850        ,           ,           ,           ,           ,           ,           ,           ,           ,           ,           ,           
M&M FIN. SERVICES LTD               ,M&MFIN    ,4000       ,4000       ,4000       ,           ,           ,           ,           ,           ,           ,           ,           ,           ,           ,           
MANAPPURAM FINANCE LTD              ,MANAPPURAM,6000       ,6000       ,6000       ,           ,           ,           ,           ,           ,           ,           ,           ,           ,           ,           
METROPOLIS HEALTHCARE LTD           ,METROPOLIS,300        ,400        ,400        ,           ,           ,           ,           ,           ,           ,           ,           ,           ,           ,           
MAX FINANCIAL SERV LTD              ,MFSL      ,650        ,650        ,650        ,           ,           ,           ,           ,           ,           ,           ,           ,           ,           ,           
MAHANAGAR GAS LTD.                  ,MGL       ,800        ,800        ,800        ,           ,           ,           ,           ,           ,           ,           ,           ,           ,           ,           
NATIONAL ALUMINIUM CO LTD           ,NATIONALUM,4250       ,7500       ,7500       ,           ,           ,           ,           ,           ,           ,           ,           ,           ,           ,           
NAVIN FLUORINE INT. LTD             ,NAVINFLUOR,225        ,150        ,150        ,           ,           ,           ,           ,           ,           ,           ,           ,           ,           ,           
NESTLE INDIA LIMITED                ,NESTLEIND ,40         ,40         ,40         ,           ,           ,           ,           ,           ,           ,           ,           ,           ,           ,           
OBEROI REALTY LIMITED               ,OBEROIRLTY,700        ,700        ,700        ,           ,           ,           ,           ,           ,           ,           ,           ,           ,           ,           
ORACLE FIN SERV SOFT LTD.           ,OFSS      ,200        ,200        ,200        ,           ,           ,           ,           ,           ,           ,           ,           ,           ,           ,           
HERO MOTOCORP LIMITED               ,HEROMOTOCO,300        ,300        ,300        ,           ,           ,           ,           ,           ,           ,           ,           ,           ,           ,           
PIRAMAL ENTERPRISES LTD             ,PEL       ,275        ,550        ,550        ,           ,           ,           ,           ,           ,           ,           ,           ,           ,           ,           
POLYCAB INDIA LIMITED               ,POLYCAB   ,300        ,300        ,300        ,           ,           ,           ,           ,           ,           ,           ,           ,           ,           ,           
RAIN INDUSTRIES LIMITED             ,RAIN      ,3500       ,3500       ,3500       ,           ,           ,           ,           ,           ,           ,           ,           ,           ,           ,           
STEEL AUTHORITY OF INDIA            ,SAIL      ,6000       ,8000       ,8000       ,           ,           ,           ,           ,           ,           ,           ,           ,           ,           ,           
DABUR INDIA LTD                     ,DABUR     ,1250       ,1250       ,1250       ,           ,           ,           ,           ,           ,           ,           ,           ,           ,           ,           
SBI LIFE INSURANCE CO LTD           ,SBILIFE   ,750        ,750        ,750        ,           ,           ,           ,           ,           ,           ,           ,           ,           ,           ,           
STATE BANK OF INDIA                 ,SBIN      ,1500       ,1500       ,1500       ,           ,           ,           ,           ,           ,           ,           ,           ,           ,           ,           
SHREE CEMENT LIMITED                ,SHREECEM  ,25         ,25         ,25         ,           ,           ,           ,           ,           ,           ,           ,           ,           ,           ,           
SRF LTD                             ,SRF       ,375        ,375        ,375        ,           ,           ,           ,           ,           ,           ,           ,           ,           ,           ,           
SUN PHARMACEUTICAL IND L            ,SUNPHARMA ,700        ,700        ,700        ,           ,           ,           ,           ,           ,           ,           ,           ,           ,           ,           
SUN TV NETWORK LIMITED              ,SUNTV     ,1500       ,1500       ,1500       ,           ,           ,           ,           ,           ,           ,           ,           ,           ,           ,           
TATA COMMUNICATIONS LTD             ,TATACOMM  ,500        ,500        ,500        ,           ,           ,           ,           ,           ,           ,           ,           ,           ,           ,           
TATA CONSUMER PRODUCT LTD           ,TATACONSUM,900        ,900        ,900        ,           ,           ,           ,           ,           ,           ,           ,           ,           ,           ,           
TATA MOTORS LIMITED                 ,TATAMOTORS,1425       ,1425       ,1425       ,           ,           ,           ,           ,           ,           ,           ,           ,           ,           ,           
TATA POWER CO LTD                   ,TATAPOWER ,3375       ,3375       ,3375       ,           ,           ,           ,           ,           ,           ,           ,           ,           ,           ,           
TATA STEEL LIMITED                  ,TATASTEEL ,4250       ,5500       ,5500       ,           ,           ,           ,           ,           ,           ,           ,           ,           ,           ,           
BOSCH LIMITED                       ,BOSCHLTD  ,50         ,50         ,50         ,           ,           ,           ,           ,           ,           ,           ,           ,           ,           ,           
TITAN COMPANY LIMITED               ,TITAN     ,375        ,375        ,375        ,           ,           ,           ,           ,           ,           ,           ,           ,           ,           ,           
TORRENT PHARMACEUTICALS L           ,TORNTPHARM,500        ,500        ,500        ,           ,           ,           ,           ,           ,           ,           ,           ,           ,           ,           
TRENT LTD                           ,TRENT     ,725        ,400        ,400        ,           ,           ,           ,           ,           ,           ,           ,           ,           ,           ,           
TVS MOTOR COMPANY  LTD              ,TVSMOTOR  ,700        ,700        ,700        ,           ,           ,           ,           ,           ,           ,           ,           ,           ,           ,           
ULTRATECH CEMENT LIMITED            ,ULTRACEMCO,100        ,100        ,100        ,           ,           ,           ,           ,           ,           ,           ,           ,           ,           ,           
HINDUSTAN UNILEVER LTD.             ,HINDUNILVR,300        ,300        ,300        ,           ,           ,           ,           ,           ,           ,           ,           ,           ,           ,           
INDIAN RAIL TOUR CORP LTD           ,IRCTC     ,875        ,875        ,875        ,           ,           ,           ,           ,           ,           ,           ,           ,           ,           ,           
ZEE ENTERTAINMENT ENT LTD           ,ZEEL      ,3000       ,3000       ,3000       ,           ,           ,           ,           ,           ,           ,           ,           ,           ,           ,           
MARICO LIMITED                      ,MARICO    ,1200       ,1200       ,1200       ,           ,           ,           ,           ,           ,           ,           ,           ,           ,           ,           
UNITED SPIRITS LIMITED              ,MCDOWELL-N,625        ,625        ,625        ,           ,           ,           ,           ,           ,           ,           ,           ,           ,           ,           
SAMVRDHNA MTHRSN INTL LTD           ,MOTHERSON ,6750       ,6750       ,6750       ,           ,           ,           ,           ,           ,           ,           ,           ,           ,           ,           
MUTHOOT FINANCE LIMITED             ,MUTHOOTFIN,375        ,550        ,550        ,           ,           ,           ,           ,           ,           ,           ,           ,           ,           ,           
TATA CHEMICALS LTD                  ,TATACHEM  ,500        ,500        ,500        ,           ,           ,           ,           ,           ,           ,           ,           ,           ,           ,           
ADANI ENTERPRISES LIMITED           ,ADANIENT  ,250        ,250        ,250        ,           ,           ,           ,           ,           ,           ,           ,           ,           ,           ,           
ADANI PORT & SEZ LTD                ,ADANIPORTS,625        ,625        ,625        ,           ,           ,           ,           ,           ,           ,           ,           ,           ,           ,           
BRITANNIA INDUSTRIES LTD            ,BRITANNIA ,200        ,200        ,200        ,           ,           ,           ,           ,           ,           ,           ,           ,           ,           ,           
CHOLAMANDALAM IN & FIN CO           ,CHOLAFIN  ,1250       ,1250       ,1250       ,           ,           ,           ,           ,           ,           ,           ,           ,           ,           ,           
TATA CONSULTANCY SERV LT            ,TCS       ,150        ,175        ,175        ,           ,           ,           ,           ,           ,           ,           ,           ,           ,           ,           
DIVI S LABORATORIES LTD             ,DIVISLAB  ,150        ,150        ,150        ,           ,           ,           ,           ,           ,           ,           ,           ,           ,           ,           
DR. REDDY S LABORATORIES            ,DRREDDY   ,125        ,125        ,125        ,           ,           ,           ,           ,           ,           ,           ,           ,           ,           ,           
HAVELLS INDIA LIMITED               ,HAVELLS   ,500        ,500        ,500        ,           ,           ,           ,           ,           ,           ,           ,           ,           ,           ,           
ICICI LOMBARD GIC LIMITED           ,ICICIGI   ,425        ,425        ,425        ,           ,           ,           ,           ,           ,           ,           ,           ,           ,           ,           
PI INDUSTRIES LTD                   ,PIIND     ,250        ,250        ,250        ,           ,           ,           ,           ,           ,           ,           ,           ,           ,           ,           
ITC LTD                             ,ITC       ,1600       ,1600       ,1600       ,           ,           ,           ,           ,           ,           ,           ,           ,           ,           ,           
SIEMENS LTD                         ,SIEMENS   ,275        ,275        ,275        ,           ,           ,           ,           ,           ,           ,           ,           ,           ,           ,           
MPHASIS LIMITED                     ,MPHASIS   ,175        ,275        ,275        ,           ,           ,           ,           ,           ,           ,           ,           ,           ,           ,           
INFO EDGE (I) LTD                   ,NAUKRI    ,125        ,125        ,125        ,           ,           ,           ,           ,           ,           ,           ,           ,           ,           ,           
PIDILITE INDUSTRIES LTD             ,PIDILITIND,250        ,250        ,250        ,           ,           ,           ,           ,           ,           ,           ,           ,           ,           ,           
THE RAMCO CEMENTS LIMITED           ,RAMCOCEM  ,850        ,850        ,850        ,           ,           ,           ,           ,           ,           ,           ,           ,           ,           ,           
UNITED BREWERIES LTD                ,UBL       ,400        ,400        ,400        ,           ,           ,           ,           ,           ,           ,           ,           ,           ,           ,           
WHIRLPOOL OF INDIA LTD              ,WHIRLPOOL ,350        ,350        ,350        ,           ,           ,           ,           ,           ,           ,           ,           ,           ,           ,           
ZYDUS LIFESCIENCES LTD              ,ZYDUSLIFE ,1800       ,1800       ,1800       ,           ,           ,           ,           ,           ,           ,           ,           ,           ,           ,           
VEDANTA LIMITED                     ,VEDL      ,1550       ,2000       ,2000       ,           ,           ,           ,           ,           ,           ,           ,           ,           ,           ,           
COFORGE LIMITED                     ,COFORGE   ,150        ,150        ,150        ,           ,           ,           ,           ,           ,           ,           ,           ,           ,           ,           
WIPRO LTD                           ,WIPRO     ,1000       ,1500       ,1500       ,           ,           ,           ,           ,           ,           ,           ,           ,           ,           ,           
TECH MAHINDRA LIMITED               ,TECHM     ,600        ,600        ,600        ,           ,           ,           ,           ,           ,           ,           ,           ,           ,           ,           
VOLTAS LTD                          ,VOLTAS    ,500        ,600        ,600        ,           ,           ,           ,           ,           ,           ,           ,           ,           ,           ,           
VODAFONE IDEA LIMITED               ,IDEA      ,70000      ,70000      ,70000      ,           ,           ,           ,           ,           ,           ,           ,           ,           ,           ,           
OIL AND NATURAL GAS CORP.           ,ONGC      ,3850       ,3850       ,3850       ,           ,           ,           ,           ,           ,           ,           ,           ,           ,           ,           
